Start,End,Quality,TimeInBed,WakeUp,SleepNotes,HeartRate
12/29/14 22:57,12/30/14 7:30,100%,8:32,:),,59
12/30/14 21:17,12/30/14 21:33,3%,0:16,:|,Stressful day,72
12/30/14 22:42,12/31/14 7:13,98%,8:30,:|,,57
12/31/14 22:31,1/1/15 6:03,65%,7:32,,,
1/1/15 22:12,1/2/15 4:56,72%,6:44,:),Drank coffee:Drank tea,68
1/3/15 0:34,1/3/15 7:47,83%,7:12,:),Drank coffee:Drank tea,60
1/4/15 0:23,1/4/15 7:37,78%,7:14,,Drank tea,
1/4/15 21:34,1/5/15 4:53,78%,7:18,:),Ate late:Drank coffee,57
1/5/15 21:32,1/6/15 5:00,69%,7:27,:),Drank coffee:Drank tea:Worked out,56
1/6/15 21:24,1/7/15 5:00,74%,7:35,:|,Drank tea:Worked out,64
1/7/15 20:59,1/8/15 6:19,81%,9:19,:),Drank coffee:Drank tea:Stressful day,62
1/8/15 22:58,1/9/15 6:14,88%,7:16,:),Drank coffee:Drank tea,58
1/9/15 22:27,1/10/15 7:29,77%,9:01,:|,Drank coffee:Drank tea,65
1/10/15 22:38,1/11/15 7:28,89%,8:50,:|,Drank coffee:Drank tea,65
1/11/15 22:12,1/12/15 6:20,78%,8:08,:),Drank tea,53
1/12/15 21:01,1/13/15 6:13,100%,9:11,:),Drank tea:Worked out,65
1/13/15 22:14,1/14/15 6:20,100%,8:06,:),Drank coffee:Drank tea,55
1/14/15 21:48,1/15/15 5:02,88%,7:13,:),Drank coffee:Drank tea:Worked out,60
1/15/15 21:32,1/16/15 4:54,87%,7:22,:),Drank tea,60
1/17/15 2:11,1/17/15 9:03,83%,6:51,:),Drank coffee:Drank tea,94
1/17/15 23:55,1/18/15 7:47,93%,7:51,:),Drank coffee:Drank tea,57
1/18/15 21:51,1/19/15 5:04,58%,7:12,:),Drank coffee,67
1/19/15 5:06,1/19/15 6:20,16%,1:13,:),,58
1/19/15 21:45,1/20/15 5:45,75%,8:00,:|,Drank coffee:Drank tea:Worked out,54
1/20/15 21:42,1/21/15 5:45,80%,8:02,:|,Drank coffee:Drank tea:Worked out,60
1/21/15 22:34,1/22/15 6:17,87%,7:42,:),Drank coffee:Drank tea:Worked out,75
1/25/15 20:55,1/26/15 6:14,87%,9:19,:),Drank coffee,58
1/26/15 22:36,1/27/15 6:11,83%,7:35,:|,Drank coffee:Drank tea:Stressful day,66
1/28/15 21:43,1/29/15 5:20,76%,7:37,:),Drank coffee:Drank tea:Stressful day,57
1/29/15 22:23,1/30/15 5:29,67%,7:05,:),Drank coffee:Drank tea:Worked out,63
1/31/15 0:13,1/31/15 8:17,93%,8:03,:),Drank coffee:Drank tea:Stressful day,62
2/1/15 21:55,2/2/15 5:09,64%,7:13,:),Drank coffee:Drank tea,56
2/2/15 22:30,2/3/15 6:20,75%,7:49,:),Drank tea,61
2/3/15 22:47,2/4/15 6:20,72%,7:32,:),Drank coffee:Drank tea,61
2/4/15 23:03,2/5/15 6:10,70%,7:07,:),Drank tea:Worked out,57
2/8/15 22:30,2/9/15 6:48,89%,8:17,:),Drank coffee:Drank tea,61
2/9/15 21:55,2/10/15 6:13,85%,8:17,:),Drank coffee,58
2/10/15 22:20,2/11/15 6:20,59%,8:00,:),Drank coffee,60
2/11/15 21:53,2/12/15 5:30,67%,7:36,:),Drank coffee:Drank tea:Worked out,57
2/12/15 22:34,2/13/15 5:24,69%,6:49,:),Drank coffee:Drank tea:Worked out,53
2/15/15 22:16,2/16/15 5:20,74%,7:04,:),Drank coffee,60
2/17/15 0:02,2/17/15 6:16,78%,6:13,:),Drank coffee:Drank tea:Worked out,65
2/17/15 22:20,2/18/15 5:05,70%,6:45,:),Drank coffee:Drank tea,55
2/19/15 22:39,2/20/15 6:20,77%,7:40,:),Drank coffee:Drank tea:Stressful day,66
2/21/15 0:31,2/21/15 7:32,72%,7:00,:),Drank coffee:Drank tea:Worked out,55
2/21/15 22:54,2/22/15 7:49,92%,8:55,:),Drank coffee:Drank tea,56
2/22/15 22:18,2/23/15 6:20,87%,8:02,:),Drank coffee,60
2/24/15 22:30,2/25/15 6:20,69%,7:49,:),Drank coffee:Drank tea,62
2/26/15 1:22,2/26/15 7:16,65%,5:54,:|,Drank coffee:Drank tea,
2/26/15 21:42,2/27/15 5:37,90%,7:54,:),Drank tea:Worked out,61
3/1/15 20:14,3/2/15 5:44,88%,9:29,:),Drank coffee,62
3/3/15 21:47,3/4/15 5:30,61%,7:43,:),Drank coffee:Drank tea:Worked out,62
3/4/15 20:53,3/5/15 6:13,54%,9:19,:),Drank coffee:Drank tea:Stressful day:Worked out,68
3/5/15 22:29,3/6/15 6:20,86%,7:50,:),Drank coffee:Drank tea,58
3/8/15 22:54,3/9/15 6:20,69%,7:25,:),Drank coffee,61
3/9/15 21:28,3/10/15 6:18,99%,8:50,:),Drank coffee:Drank tea,67
3/10/15 22:17,3/11/15 6:18,82%,8:01,:),Drank coffee:Drank tea,71
3/11/15 21:39,3/12/15 5:19,77%,7:40,:),Drank coffee:Drank tea,63
3/12/15 21:44,3/13/15 5:20,72%,7:36,:),Drank coffee:Drank tea:Worked out,60
3/15/15 21:50,3/16/15 4:51,82%,7:00,:),,62
3/16/15 21:48,3/17/15 5:21,75%,7:32,:),Drank coffee:Drank tea,54
3/17/15 23:57,3/18/15 8:01,91%,8:03,:),Drank coffee:Drank tea:Worked out,62
3/21/15 1:10,3/21/15 8:00,74%,6:49,:),Drank coffee,66
3/22/15 23:07,3/23/15 7:30,75%,8:22,:),Drank coffee:Drank tea,65
3/24/15 22:11,3/25/15 6:19,84%,8:07,:),Drank coffee,58
3/25/15 22:00,3/26/15 5:22,76%,7:22,:),Drank coffee:Drank tea:Worked out,
3/26/15 21:23,3/27/15 5:26,92%,8:03,:),Drank tea:Worked out,54
3/30/15 22:30,3/31/15 5:28,82%,6:57,:),Drank coffee:Worked out,64
3/31/15 22:17,4/1/15 5:50,84%,7:32,:),Drank coffee:Drank tea:Worked out,55
4/4/15 23:13,4/5/15 7:31,95%,8:17,:),Drank coffee:Drank tea,
4/6/15 21:22,4/7/15 6:15,79%,8:53,:),Drank coffee:Drank tea,55
4/7/15 21:17,4/8/15 6:18,100%,9:01,:),Drank tea,51
4/8/15 22:09,4/9/15 5:02,81%,6:52,:),Drank tea,52
4/9/15 21:56,4/10/15 5:23,80%,7:27,:),Drank coffee:Drank tea:Worked out,
4/10/15 23:51,4/11/15 7:41,85%,7:50,:),Drank tea:Worked out,
4/11/15 23:16,4/12/15 6:53,97%,7:36,:),Drank coffee:Drank tea,52
4/12/15 22:04,4/13/15 5:41,84%,7:36,:),Drank coffee:Drank tea,58
4/13/15 22:19,4/14/15 5:45,78%,7:25,:),Drank tea:Worked out,57
4/15/15 0:28,4/15/15 7:30,81%,7:01,:),Drank coffee:Drank tea:Worked out,63
4/16/15 23:20,4/17/15 6:20,82%,6:59,:),Drank coffee:Drank tea,58
4/17/15 23:50,4/18/15 7:22,59%,7:32,:),Drank coffee:Drank tea:Stressful day:Worked out,53
4/20/15 22:37,4/21/15 6:18,77%,7:40,:),Drank coffee:Drank tea,58
4/22/15 21:31,4/23/15 5:11,77%,7:39,:),Drank coffee:Drank tea:Stressful day,67
4/23/15 21:46,4/24/15 5:13,87%,7:26,:),Drank coffee:Drank tea:Stressful day:Worked out,
4/25/15 22:53,4/26/15 7:53,100%,9:00,:),Drank coffee:Drank tea,61
4/26/15 21:51,4/27/15 4:59,70%,7:07,:),Ate late:Drank coffee:Drank tea,64
4/27/15 21:35,4/28/15 4:57,77%,7:21,:),Drank tea:Worked out,59
4/28/15 21:41,4/29/15 5:00,53%,7:18,:),Drank coffee:Worked out,59
4/30/15 23:13,5/1/15 6:06,77%,6:52,:),Drank coffee:Drank tea:Stressful day,60
5/1/15 22:20,5/2/15 6:07,65%,7:46,:),Drank coffee:Worked out,91
5/5/15 22:23,5/6/15 6:18,83%,7:54,:),Drank coffee:Drank tea:Worked out,62
5/6/15 21:47,5/7/15 5:21,50%,7:34,:),Ate late:Drank coffee:Drank tea:Worked out,59
5/7/15 21:22,5/8/15 4:57,89%,7:34,:),Drank tea:Worked out,54
5/9/15 1:58,5/9/15 7:01,61%,5:03,:),Drank coffee:Drank tea:Stressful day:Worked out,75
5/10/15 22:11,5/11/15 5:00,66%,6:48,:),Drank coffee:Drank tea:Worked out,50
5/11/15 21:57,5/12/15 5:00,75%,7:03,:),Drank tea:Worked out,55
5/12/15 22:04,5/13/15 4:52,72%,6:47,:),Drank tea:Worked out,59
5/14/15 22:49,5/15/15 6:17,79%,7:28,:),Drank coffee:Drank tea,51
5/17/15 21:03,5/18/15 7:49,93%,10:46,:),Drank tea:Stressful day,59
5/18/15 22:39,5/19/15 6:20,91%,7:41,:),,59
5/20/15 22:22,5/21/15 5:25,59%,7:02,:),Drank tea:Worked out,62
5/21/15 22:47,5/22/15 5:25,74%,6:38,:),Drank coffee:Drank tea:Worked out,60
5/24/15 0:01,5/24/15 7:35,73%,7:33,:),Drank coffee:Worked out,
5/24/15 22:58,5/25/15 6:45,67%,7:47,:),Drank coffee:Drank tea,61
5/25/15 22:05,5/26/15 5:29,85%,7:23,:),Drank coffee:Drank tea,
5/26/15 22:18,5/27/15 5:14,69%,6:56,:),Drank coffee:Drank tea:Worked out,
5/28/15 23:10,5/29/15 7:00,81%,7:49,:),Drank coffee:Drank tea:Worked out,52
5/31/15 23:16,6/1/15 6:20,72%,7:03,:),Drank coffee,76
6/1/15 22:20,6/2/15 6:19,76%,7:59,:),Drank coffee:Drank tea:Worked out,57
6/3/15 22:19,6/4/15 5:20,78%,7:00,:),Drank coffee:Drank tea,64
6/4/15 22:20,6/5/15 3:45,70%,5:25,:(,Drank coffee:Drank tea:Worked out,
6/5/15 3:45,6/5/15 5:41,23%,1:55,:),,57
6/7/15 22:01,6/8/15 5:40,75%,7:39,:),Drank coffee,58
6/8/15 21:57,6/9/15 5:16,69%,7:19,:),Drank coffee:Drank tea:Worked out,
6/9/15 21:07,6/10/15 5:01,83%,7:54,:),Drank coffee:Drank tea:Worked out,
6/10/15 21:12,6/11/15 6:17,92%,9:04,:),Drank tea:Stressful day:Worked out,68
6/11/15 22:54,6/12/15 6:19,74%,7:25,:),Drank coffee:Worked out,
6/14/15 22:38,6/15/15 6:12,81%,7:34,:),Drank coffee:Drank tea,
6/15/15 22:31,6/16/15 6:20,88%,7:48,:),Drank coffee:Drank tea:Worked out,64
6/16/15 22:21,6/17/15 6:20,69%,7:59,:),Drank coffee:Drank tea:Stressful day:Worked out,
6/17/15 21:28,6/18/15 5:00,63%,7:31,:),Drank coffee,
6/18/15 22:26,6/19/15 4:46,71%,6:20,:),Drank coffee:Worked out,
6/22/15 21:54,6/23/15 5:07,78%,7:13,:),Drank coffee:Worked out,
6/23/15 22:09,6/24/15 4:57,76%,6:48,:),Drank coffee:Drank tea:Worked out,
6/24/15 4:58,6/24/15 5:45,10%,0:46,:),,
6/24/15 22:37,6/25/15 6:20,82%,7:43,:),Drank coffee:Stressful day:Worked out,58
7/11/15 22:29,7/12/15 8:00,98%,9:31,:),Drank coffee:Stressful day,69
7/19/15 21:38,7/20/15 6:09,69%,8:31,:),Drank coffee,74
7/20/15 22:01,7/21/15 5:04,68%,7:03,:),Drank coffee:Drank tea:Worked out,
7/21/15 22:02,7/22/15 5:45,79%,7:42,:),Drank coffee:Drank tea:Worked out,67
7/23/15 22:29,7/24/15 6:44,86%,8:14,:),Drank coffee:Stressful day:Worked out,
7/26/15 22:29,7/27/15 6:20,93%,7:50,:),Drank coffee:Worked out,58
7/28/15 21:32,7/29/15 5:39,68%,8:07,:),Drank coffee:Drank tea:Stressful day:Worked out,58
7/29/15 23:06,7/30/15 5:40,71%,6:34,:),Drank coffee:Drank tea:Worked out,61
7/30/15 21:40,7/31/15 5:40,88%,8:00,:),Drank coffee:Worked out,64
8/1/15 1:41,8/1/15 8:31,77%,6:49,:),Drank coffee:Drank tea:Worked out,64
8/1/15 22:55,8/2/15 8:02,97%,9:06,:),Drank coffee:Worked out,
8/2/15 23:45,8/3/15 0:00,3%,0:15,:|,Drank coffee:Worked out,
8/3/15 0:26,8/3/15 7:25,88%,6:59,:),Drank coffee:Worked out,68
8/3/15 21:46,8/4/15 5:00,71%,7:14,:),Drank coffee:Stressful day:Worked out,
8/4/15 21:17,8/5/15 4:55,81%,7:38,:),Drank coffee:Drank tea:Worked out,
8/5/15 21:35,8/6/15 4:55,78%,7:19,:),Drank coffee:Drank tea:Worked out,57
8/8/15 0:19,8/8/15 7:56,97%,7:37,:),Drank coffee:Worked out,54
8/10/15 0:01,8/10/15 5:03,65%,5:02,:),Drank coffee,
8/10/15 21:11,8/11/15 6:09,72%,8:58,:),Drank coffee:Drank tea:Worked out,50
8/15/15 23:41,8/16/15 7:27,84%,7:46,:),Drank coffee,
8/16/15 21:44,8/17/15 4:45,58%,7:00,:),Drank coffee,56
8/17/15 22:13,8/18/15 5:27,85%,7:14,:),Drank coffee:Drank tea:Worked out,
8/18/15 22:33,8/19/15 6:45,90%,8:12,:),Drank coffee:Drank tea:Worked out,57
8/19/15 21:48,8/20/15 6:01,79%,8:12,:),Drank coffee:Worked out,51
8/20/15 22:36,8/21/15 6:00,69%,7:23,:),Drank coffee,58
8/21/15 21:52,8/22/15 6:00,88%,8:07,:),Drank coffee:Stressful day,
8/22/15 21:59,8/23/15 5:49,90%,7:49,:),Drank coffee,52
8/23/15 21:59,8/24/15 5:29,83%,7:30,:),Ate late:Drank coffee:Drank tea,52
8/25/15 21:57,8/26/15 5:45,67%,7:48,:),Drank coffee,
8/26/15 21:14,8/27/15 5:45,90%,8:30,:),Drank coffee:Stressful day,
8/27/15 21:19,8/28/15 5:45,93%,8:26,:|,,60
8/28/15 22:01,8/29/15 6:00,85%,7:59,:),Drank coffee:Drank tea,62
8/30/15 22:00,8/31/15 6:00,84%,8:00,:),Drank coffee,66
8/31/15 22:14,9/1/15 6:00,77%,7:46,:),Drank coffee,
9/1/15 22:00,9/2/15 6:00,85%,7:59,:),Drank tea,65
9/2/15 23:36,9/3/15 7:10,77%,7:33,:),Drank coffee,57
9/5/15 22:54,9/6/15 6:59,87%,8:04,:),Drank coffee,
9/7/15 22:45,9/8/15 6:13,84%,7:27,:),Drank coffee:Drank tea,61
9/8/15 22:03,9/9/15 6:04,86%,8:01,:),Drank tea:Worked out,
9/9/15 22:40,9/10/15 6:10,83%,7:29,:),Drank coffee:Drank tea:Worked out,
9/10/15 22:10,9/11/15 4:57,77%,6:46,:),Drank coffee:Drank tea:Worked out,
9/12/15 0:06,9/12/15 7:41,81%,7:35,:),Drank coffee:Worked out,
9/13/15 22:03,9/14/15 5:50,81%,7:47,:),Drank coffee,
9/14/15 22:33,9/15/15 6:30,83%,7:56,:),Drank coffee:Stressful day:Worked out,
9/15/15 22:14,9/16/15 5:55,70%,7:40,:),Drank coffee:Worked out,
9/16/15 21:59,9/17/15 6:20,80%,8:20,:),Drank coffee:Drank tea:Worked out,59
9/17/15 22:57,9/18/15 6:20,60%,7:22,:),Drank coffee:Drank tea:Worked out,56
9/19/15 0:31,9/19/15 6:55,55%,6:23,:),Drank coffee,
9/19/15 22:01,9/20/15 6:48,91%,8:47,:),Drank coffee,
9/20/15 22:07,9/21/15 6:15,79%,8:08,:),Drank coffee:Drank tea:Worked out,55
9/22/15 21:34,9/23/15 6:15,81%,8:41,:),Drank coffee:Drank tea:Worked out,58
9/23/15 21:37,9/24/15 5:07,77%,7:29,:),Drank coffee:Drank tea:Worked out,49
9/24/15 22:37,9/25/15 6:00,83%,7:22,:),Ate late:Drank coffee:Drank tea:Worked out,
9/27/15 22:57,9/28/15 7:00,82%,8:02,:),Drank tea,61
9/28/15 21:12,9/29/15 5:15,90%,8:02,:),Drank tea:Worked out,60
9/29/15 22:54,9/30/15 6:20,89%,7:25,:),Ate late:Drank coffee:Drank tea:Worked out,58
9/30/15 23:57,10/1/15 6:14,62%,6:16,:),Drank coffee:Drank tea:Worked out,55
10/3/15 0:09,10/3/15 7:26,69%,7:17,:),Drank coffee:Worked out,57
10/11/15 0:27,10/11/15 8:58,100%,8:31,:),Drank coffee:Stressful day,50
10/12/15 21:59,10/13/15 6:00,74%,8:01,:),Ate late:Drank coffee:Drank tea:Worked out,
10/13/15 22:19,10/14/15 4:59,59%,6:40,:),Drank coffee:Worked out,
10/14/15 5:00,10/14/15 6:00,13%,1:00,:),,
10/14/15 22:40,10/15/15 6:20,68%,7:40,:),Drank tea:Worked out,65
10/15/15 22:12,10/16/15 6:21,67%,8:08,:),Drank coffee:Drank tea:Worked out,58
10/17/15 0:45,10/17/15 7:37,57%,6:51,:),Drank coffee:Drank tea,
10/18/15 21:52,10/19/15 6:20,67%,8:27,:|,Drank coffee,
10/20/15 21:38,10/21/15 6:20,88%,8:42,:|,Drank coffee:Drank tea,62
10/21/15 22:41,10/22/15 6:20,77%,7:39,:),Drank coffee:Drank tea,53
10/22/15 21:46,10/23/15 5:30,80%,7:44,:),Drank coffee:Drank tea:Worked out,70
10/24/15 0:32,10/24/15 8:12,77%,7:40,:),Drank coffee:Drank tea:Worked out,
10/24/15 22:38,10/25/15 6:33,81%,7:55,:),Drank coffee:Drank tea,
10/26/15 23:09,10/27/15 6:05,77%,6:55,:),Drank coffee:Drank tea,65
10/27/15 21:34,10/28/15 5:35,78%,8:01,:|,Drank coffee:Worked out,
10/28/15 22:28,10/29/15 6:20,83%,7:51,:|,Drank tea:Worked out,53
10/29/15 22:30,10/30/15 6:10,81%,7:40,:|,Drank tea:Worked out,57
10/31/15 1:01,10/31/15 7:50,50%,6:48,:),Drank coffee:Drank tea,
11/2/15 22:00,11/3/15 6:10,83%,8:09,:|,Drank coffee:Drank tea:Worked out,55
11/3/15 22:46,11/4/15 6:09,75%,7:23,:|,Drank coffee:Drank tea:Worked out,
11/4/15 22:49,11/5/15 6:00,65%,7:11,:|,Drank coffee:Drank tea:Worked out,
11/5/15 21:36,11/6/15 5:29,77%,7:52,:|,Drank coffee:Drank tea:Worked out,
11/7/15 0:19,11/7/15 8:13,93%,7:54,:),Drank coffee:Drank tea:Worked out,98
11/8/15 23:28,11/9/15 6:20,69%,6:52,:),Drank coffee:Drank tea,
11/9/15 21:59,11/10/15 5:41,88%,7:41,:),Drank coffee:Drank tea:Worked out,
11/10/15 22:56,11/11/15 6:28,83%,7:32,:),Drank coffee:Drank tea:Worked out,
11/11/15 22:57,11/12/15 6:20,72%,7:23,:),Drank coffee:Drank tea,
11/13/15 22:59,11/14/15 7:46,96%,8:46,:),Drank coffee:Drank tea,59
11/15/15 22:17,11/16/15 6:30,72%,8:13,:),Drank coffee:Drank tea,62
11/18/15 22:07,11/19/15 5:30,80%,7:23,:),Ate late:Drank coffee:Drank tea:Worked out,63
11/19/15 23:10,11/20/15 6:00,73%,6:50,:),Drank coffee:Drank tea:Worked out,62
11/22/15 21:57,11/23/15 5:30,83%,7:33,:),Drank tea,
11/23/15 22:15,11/24/15 5:00,74%,6:44,:),Drank coffee:Drank tea:Worked out,
11/24/15 22:33,11/25/15 6:30,87%,7:57,:),Drank coffee:Drank tea:Worked out,
11/25/15 23:26,11/26/15 6:20,69%,6:54,:),Drank coffee:Drank tea:Worked out,
11/26/15 22:25,11/27/15 6:20,81%,7:55,:),Drank coffee:Drank tea:Worked out,
11/28/15 1:20,11/28/15 7:46,58%,6:25,:),Drank coffee:Drank tea:Worked out,59
11/29/15 22:20,11/30/15 6:20,68%,7:59,:),Drank tea,
11/30/15 21:23,12/1/15 6:19,64%,8:55,:),Drank coffee:Drank tea:Worked out,
12/1/15 23:03,12/2/15 6:20,84%,7:17,:),Drank coffee:Drank tea:Worked out,57
12/2/15 22:19,12/3/15 5:11,75%,6:51,:),Drank coffee:Drank tea,
12/3/15 22:51,12/4/15 5:01,70%,6:09,:),Ate late:Drank coffee:Drank tea,
12/6/15 22:10,12/7/15 5:31,86%,7:20,:),Drank coffee:Drank tea,68
12/7/15 21:20,12/8/15 5:00,86%,7:40,:),Drank tea:Stressful day:Worked out,61
12/8/15 22:17,12/9/15 5:45,79%,7:28,:),Drank coffee:Drank tea:Stressful day:Worked out,
12/9/15 21:57,12/10/15 6:10,93%,8:13,:),Drank tea:Stressful day:Worked out,67
12/13/15 0:08,12/13/15 8:23,77%,8:14,:),Drank coffee,
12/13/15 22:07,12/14/15 6:09,80%,8:02,:),Drank coffee,52
12/15/15 22:32,12/16/15 6:10,75%,7:37,:),Drank coffee:Drank tea:Worked out,
12/16/15 22:20,12/17/15 5:40,84%,7:20,:),Drank coffee:Drank tea:Stressful day,
12/17/15 21:07,12/18/15 5:45,100%,8:37,:),Drank coffee:Drank tea:Worked out,
12/20/15 22:19,12/21/15 6:20,72%,8:00,:|,Drank coffee:Drank tea:Worked out,56
12/21/15 22:06,12/22/15 5:29,80%,7:23,:|,Drank coffee:Worked out,
12/22/15 21:41,12/23/15 5:43,82%,8:01,:),Drank coffee:Drank tea:Worked out,
12/23/15 22:33,12/24/15 6:01,79%,7:27,:),Drank coffee:Drank tea,
12/29/15 22:44,12/30/15 7:00,76%,8:16,:|,Drank coffee,
1/1/16 23:53,1/2/16 8:27,79%,8:33,:|,Drank coffee:Drank tea,71
1/2/16 23:49,1/3/16 8:13,85%,8:24,:),Drank coffee:Drank tea,65
1/3/16 21:44,1/4/16 5:35,69%,7:51,:),Drank coffee,
1/4/16 22:17,1/5/16 5:45,74%,7:28,:|,Drank coffee:Drank tea:Stressful day,
1/5/16 22:18,1/6/16 6:20,66%,8:01,:|,Drank coffee:Worked out,
1/13/16 22:44,1/14/16 6:20,72%,7:35,:|,Ate late:Drank coffee:Drank tea:Stressful day,
1/14/16 22:10,1/15/16 5:28,73%,7:17,:|,Drank coffee:Drank tea:Worked out,
1/17/16 22:00,1/18/16 5:30,76%,7:29,:|,Drank coffee:Drank tea:Worked out,
1/18/16 21:56,1/19/16 5:34,78%,7:38,,Ate late:Drank coffee:Drank tea,
1/19/16 22:46,1/20/16 6:35,75%,7:48,,Drank coffee:Drank tea:Worked out,
1/20/16 21:13,1/21/16 6:29,77%,9:15,,Drank coffee:Drank tea,
1/21/16 21:33,1/22/16 6:23,79%,8:50,,Drank coffee,
1/22/16 22:17,1/23/16 8:14,79%,9:57,,Drank coffee:Worked out,
1/24/16 22:06,1/25/16 6:30,85%,8:23,,Drank coffee:Drank tea:Worked out,
1/25/16 22:27,1/26/16 6:38,88%,8:10,,Drank coffee,
1/26/16 22:58,1/27/16 6:28,83%,7:29,,Drank coffee:Drank tea:Worked out,
1/27/16 22:02,1/28/16 5:23,84%,7:20,,Drank coffee:Drank tea:Worked out,
1/28/16 22:11,1/29/16 5:26,76%,7:15,,Drank coffee:Drank tea:Worked out,
1/29/16 21:47,1/30/16 6:06,88%,8:19,,Drank coffee:Drank tea:Worked out,
1/31/16 22:58,2/1/16 6:19,78%,7:20,,Drank coffee,
2/1/16 22:02,2/2/16 5:27,82%,7:25,,Drank coffee:Drank tea:Worked out,
2/2/16 21:47,2/3/16 5:20,72%,7:33,,Drank coffee:Worked out,
2/3/16 22:54,2/4/16 6:20,79%,7:26,,Drank coffee:Worked out,
2/4/16 22:17,2/5/16 6:53,74%,8:35,,Drank coffee:Stressful day:Worked out,
2/5/16 23:45,2/6/16 7:35,84%,7:50,,Drank coffee,
2/6/16 22:55,2/7/16 7:35,91%,8:40,,Drank tea,
2/8/16 0:44,2/8/16 7:45,68%,7:01,,Drank coffee:Drank tea,
2/8/16 22:43,2/9/16 6:40,77%,7:56,,Drank coffee:Drank tea:Worked out,
2/9/16 21:57,2/10/16 5:31,66%,7:33,,Drank coffee:Worked out,
2/13/16 23:41,2/14/16 5:11,38%,5:30,,Drank coffee,
2/14/16 22:07,2/15/16 5:53,84%,7:45,,Drank coffee:Stressful day,
2/15/16 22:07,2/16/16 5:25,76%,7:18,,Drank coffee:Worked out,
2/16/16 22:20,2/17/16 5:32,70%,7:12,,Drank coffee:Worked out,
2/17/16 21:33,2/18/16 6:24,90%,8:51,,Drank coffee:Stressful day:Worked out,
2/18/16 22:47,2/19/16 6:26,77%,7:39,,Drank coffee:Drank tea:Worked out,
2/20/16 23:12,2/21/16 7:41,69%,8:28,,Drank coffee,
2/22/16 22:04,2/23/16 6:23,85%,8:19,,Drank coffee,
2/23/16 22:18,2/24/16 6:25,94%,8:06,,Drank coffee:Worked out,
2/24/16 21:59,2/25/16 5:43,88%,7:44,,Drank tea:Worked out,
2/26/16 0:15,2/26/16 6:35,68%,6:20,,Drank tea:Worked out,
2/27/16 23:33,2/28/16 7:50,92%,8:17,,Drank coffee,
2/28/16 22:19,2/29/16 5:45,64%,7:25,,Drank tea,
2/29/16 21:55,3/1/16 6:22,78%,8:26,,Drank tea:Worked out,
3/1/16 23:22,3/2/16 5:50,70%,6:28,,Drank tea:Worked out,
3/2/16 22:15,3/3/16 6:21,95%,8:06,,Drank coffee:Drank tea:Worked out,
3/3/16 22:01,3/4/16 6:17,90%,8:16,,Drank tea:Worked out,
3/5/16 23:20,3/6/16 7:31,98%,8:11,,Drank tea,
3/6/16 23:08,3/7/16 6:19,70%,7:11,,Drank coffee:Drank tea,
3/7/16 22:50,3/8/16 6:22,75%,7:32,,Drank tea:Worked out,
3/8/16 21:40,3/9/16 6:25,91%,8:44,,Drank tea:Worked out,
3/9/16 22:40,3/10/16 5:49,79%,7:09,,Drank tea,
3/10/16 21:35,3/11/16 5:34,92%,7:58,,Drank tea:Worked out,
3/12/16 1:33,3/12/16 7:50,69%,6:17,,Drank coffee:Worked out,
3/12/16 23:44,3/13/16 7:51,83%,7:07,,Drank tea,
3/13/16 22:47,3/14/16 5:40,82%,6:53,,Drank tea:Worked out,
3/14/16 22:16,3/15/16 5:46,79%,7:29,,Drank tea:Worked out,
3/15/16 22:41,3/16/16 6:25,85%,7:43,,Drank coffee:Drank tea:Worked out,
3/16/16 22:25,3/17/16 7:05,90%,8:39,,Drank coffee:Worked out,
3/17/16 22:46,3/18/16 7:08,98%,8:22,,Drank coffee:Drank tea,
3/18/16 22:17,3/19/16 7:47,87%,9:30,,Drank coffee,
3/20/16 22:13,3/21/16 7:26,80%,9:13,,Drank coffee,
3/21/16 22:37,3/22/16 7:32,80%,8:54,,Drank coffee,
3/22/16 21:22,3/23/16 6:19,80%,8:56,,Drank coffee:Drank tea,
3/23/16 22:06,3/24/16 5:20,65%,7:13,,Drank coffee:Drank tea:Worked out,
3/27/16 23:28,3/28/16 7:30,82%,8:01,,Drank coffee,
3/28/16 23:32,3/29/16 6:29,75%,6:56,,Drank coffee:Stressful day:Worked out,
3/29/16 23:12,3/30/16 6:25,66%,7:13,,Drank coffee:Worked out,
3/30/16 22:58,3/31/16 6:25,58%,7:26,,Drank coffee:Drank tea:Worked out,
3/31/16 22:47,4/1/16 6:30,89%,7:42,,Drank coffee:Drank tea:Worked out,
4/2/16 21:20,4/3/16 7:08,86%,9:47,,Drank coffee,
4/3/16 21:44,4/4/16 6:24,67%,8:39,,Drank coffee,
4/4/16 21:23,4/5/16 6:29,62%,9:05,,Drank coffee,
4/5/16 21:13,4/6/16 6:24,81%,9:11,,Drank coffee:Worked out,
4/6/16 23:00,4/7/16 5:55,73%,6:55,,Drank coffee:Drank tea:Worked out,
4/7/16 21:48,4/8/16 5:49,81%,8:00,,Ate late:Drank coffee:Drank tea:Worked out,
4/9/16 0:51,4/9/16 7:21,53%,6:30,,Drank coffee:Drank tea:Worked out,
4/9/16 22:59,4/10/16 7:59,94%,9:00,,Drank coffee:Drank tea:Worked out,
4/10/16 22:04,4/11/16 5:16,67%,7:12,,Drank tea,
4/11/16 22:35,4/12/16 5:54,82%,7:19,,Drank coffee:Drank tea:Stressful day:Worked out,
4/12/16 22:18,4/13/16 5:52,85%,7:33,,Drank coffee:Drank tea:Worked out,
4/13/16 22:27,4/14/16 6:13,77%,7:45,,Drank coffee:Drank tea:Worked out,
4/14/16 21:43,4/15/16 6:24,94%,8:41,,Drank coffee:Drank tea:Stressful day:Worked out,
4/15/16 22:38,4/16/16 7:25,81%,8:47,,Drank coffee:Drank tea,
4/17/16 21:34,4/18/16 6:26,75%,8:52,,Drank coffee:Drank tea,
4/19/16 21:21,4/20/16 6:20,79%,8:59,,Drank coffee:Drank tea:Worked out,
4/20/16 21:25,4/21/16 5:35,81%,8:09,,Ate late:Drank coffee:Drank tea:Worked out,
4/21/16 21:54,4/22/16 5:35,79%,7:40,,,
4/22/16 5:37,4/22/16 6:20,9%,0:42,,,
4/23/16 0:46,4/23/16 7:54,65%,7:07,,Drank coffee:Drank tea:Worked out,
4/24/16 22:30,4/25/16 6:14,81%,7:43,,Drank tea,
4/25/16 22:07,4/26/16 5:39,87%,7:31,,Ate late:Drank coffee:Drank tea:Worked out,
4/26/16 22:48,4/27/16 6:20,74%,7:32,,Drank coffee:Drank tea:Worked out,
4/27/16 22:24,4/28/16 6:25,92%,8:01,,Drank coffee:Drank tea:Worked out,
4/28/16 22:23,4/29/16 6:17,95%,7:53,,Drank coffee:Drank tea:Worked out,
4/29/16 22:47,4/30/16 5:57,81%,7:09,,Drank coffee:Drank tea:Worked out,
5/1/16 21:27,5/2/16 6:15,95%,8:47,,Drank coffee:Worked out,
5/2/16 21:50,5/3/16 6:20,85%,8:29,,Drank coffee:Worked out,
5/3/16 22:19,5/4/16 6:20,79%,8:01,,Drank coffee:Worked out,
5/4/16 22:16,5/5/16 6:30,83%,8:13,,Drank coffee:Drank tea:Worked out,
5/5/16 22:20,5/6/16 6:15,89%,7:54,,Ate late:Drank coffee,
5/6/16 23:07,5/7/16 7:08,87%,8:00,,Drank coffee:Drank tea:Stressful day:Worked out,
5/7/16 23:20,5/8/16 7:12,93%,7:51,,Drank coffee:Drank tea,
5/8/16 23:44,5/9/16 6:20,74%,6:36,,Drank coffee:Drank tea,
5/9/16 22:10,5/10/16 5:41,83%,7:30,,Drank coffee:Drank tea:Worked out,
5/10/16 23:10,5/11/16 5:30,74%,6:20,,Drank coffee:Drank tea:Worked out,
5/11/16 22:43,5/12/16 6:25,80%,7:41,,Drank coffee:Drank tea:Worked out,
5/12/16 23:50,5/13/16 6:50,83%,6:59,,Drank coffee:Drank tea:Worked out,
5/13/16 23:08,5/14/16 7:53,100%,8:45,,Drank coffee:Drank tea:Worked out,
5/15/16 21:34,5/16/16 6:07,81%,8:33,,Drank tea,
5/16/16 21:34,5/17/16 6:15,85%,8:40,,Drank coffee:Worked out,
5/17/16 20:53,5/18/16 6:10,83%,9:16,,Drank coffee:Worked out,
5/18/16 22:26,5/19/16 5:40,79%,7:14,,Drank coffee:Stressful day,
5/20/16 0:00,5/20/16 6:30,76%,6:30,,Drank coffee:Worked out,
5/20/16 23:14,5/21/16 7:34,91%,8:19,,Drank coffee:Worked out,
5/23/16 22:34,5/24/16 5:30,75%,6:55,,Drank coffee,
5/24/16 22:00,5/25/16 5:35,90%,7:35,,Drank coffee:Worked out,
5/25/16 22:21,5/26/16 6:31,88%,8:09,,Drank coffee:Worked out,
5/26/16 22:08,5/27/16 6:19,89%,8:11,,Drank coffee:Worked out,
5/28/16 0:19,5/28/16 7:15,72%,6:56,,Drank coffee:Worked out,
5/29/16 22:04,5/30/16 6:40,100%,8:36,,Drank coffee,
5/30/16 22:07,5/31/16 6:08,72%,8:00,,Drank coffee:Stressful day,
5/31/16 23:02,6/1/16 6:31,70%,7:28,,Drank coffee:Worked out,
6/1/16 23:01,6/2/16 5:48,67%,6:46,,Drank coffee:Worked out,
6/2/16 22:51,6/3/16 5:31,65%,6:39,,Drank coffee:Worked out,
6/5/16 22:33,6/6/16 5:51,71%,7:18,,Worked out,
6/6/16 23:26,6/7/16 5:31,70%,6:05,,Drank coffee:Worked out,
6/7/16 22:32,6/8/16 5:32,77%,6:59,,Drank coffee:Worked out,
6/8/16 21:56,6/9/16 6:16,76%,8:20,,Drank coffee:Worked out,
6/9/16 22:07,6/10/16 6:35,87%,8:27,,Ate late:Drank coffee:Worked out,
6/11/16 22:42,6/12/16 8:41,93%,9:58,,Drank tea,
6/12/16 22:52,6/13/16 6:32,77%,7:39,,Drank tea,
6/13/16 22:03,6/14/16 6:26,82%,8:22,,Drank tea:Worked out,
6/14/16 22:32,6/15/16 6:30,68%,7:58,,Drank coffee:Drank tea,
6/16/16 0:46,6/16/16 6:25,64%,5:38,,Drank coffee:Drank tea:Worked out,
6/16/16 22:06,6/17/16 6:01,83%,7:54,,Drank coffee:Drank tea:Worked out,
6/17/16 23:28,6/18/16 7:23,79%,7:54,,Drank coffee:Drank tea:Worked out,
6/19/16 23:00,6/20/16 6:00,74%,6:59,,Drank coffee,
6/20/16 22:34,6/21/16 5:50,83%,7:15,,Drank coffee:Worked out,
6/21/16 22:11,6/22/16 5:40,83%,7:29,,Drank coffee:Worked out,
6/22/16 22:41,6/23/16 6:22,82%,7:41,,Drank coffee:Worked out,
6/23/16 22:32,6/24/16 6:32,86%,8:00,,Drank coffee:Worked out,
6/26/16 22:16,6/27/16 6:30,64%,8:14,,Drank coffee,
6/27/16 23:48,6/28/16 6:47,62%,6:58,,Drank coffee:Stressful day:Worked out,
6/28/16 23:10,6/29/16 6:35,77%,7:25,,Drank coffee:Worked out,
6/29/16 22:32,6/30/16 5:55,83%,7:23,,Drank coffee:Stressful day:Worked out,
7/1/16 23:32,7/2/16 7:32,90%,8:00,,Drank coffee,
7/3/16 21:49,7/4/16 6:02,86%,8:12,,,
7/4/16 21:39,7/5/16 5:50,85%,8:11,,Drank coffee:Worked out,
7/5/16 22:48,7/6/16 6:05,75%,7:16,,Drank coffee:Stressful day:Worked out,
7/6/16 22:13,7/7/16 6:15,92%,8:02,,Drank coffee:Worked out,
7/7/16 22:53,7/8/16 7:05,96%,8:12,,Drank coffee:Worked out,
7/10/16 22:18,7/11/16 6:17,85%,7:59,,Drank coffee,
7/11/16 21:24,7/12/16 6:15,99%,8:50,,Drank coffee:Worked out,
7/12/16 22:02,7/13/16 6:15,96%,8:13,,Drank coffee:Worked out,
7/13/16 23:13,7/14/16 6:15,78%,7:02,,Drank coffee:Worked out,
7/14/16 22:39,7/15/16 6:15,84%,7:35,,Drank coffee:Stressful day:Worked out,
7/16/16 0:32,7/16/16 8:19,87%,7:47,,Drank coffee:Worked out,
7/16/16 23:20,7/17/16 7:31,98%,8:10,,Drank coffee:Worked out,
7/17/16 22:23,7/18/16 6:00,76%,7:37,,Drank coffee:Worked out,
7/18/16 22:57,7/19/16 6:05,77%,7:08,,Drank coffee:Stressful day:Worked out,
7/19/16 22:36,7/20/16 5:50,77%,7:14,,Drank coffee:Worked out,
7/20/16 22:25,7/21/16 5:56,82%,7:30,,Drank coffee:Worked out,
7/21/16 23:07,7/22/16 7:00,87%,7:52,,Drank coffee:Worked out,
7/22/16 22:20,7/23/16 7:56,99%,9:35,,Drank coffee,
7/23/16 23:47,7/24/16 7:56,74%,8:09,,Drank coffee,
7/24/16 22:45,7/25/16 6:14,81%,7:28,,Drank coffee:Worked out,
7/25/16 21:54,7/26/16 6:02,86%,8:07,,Drank coffee:Worked out,
7/26/16 23:03,7/27/16 6:11,84%,7:07,,Drank coffee:Worked out,
7/27/16 22:49,7/28/16 7:11,95%,8:21,,Drank coffee:Stressful day:Worked out,
7/28/16 22:25,7/29/16 3:35,35%,5:10,,Drank coffee,
8/16/16 22:05,8/17/16 5:50,96%,7:44,,Drank coffee:Drank tea:Stressful day,
8/17/16 22:42,8/18/16 6:15,78%,7:33,,Ate late:Drank coffee:Worked out,
8/18/16 21:58,8/19/16 6:23,36%,8:24,,Drank coffee:Worked out,
8/20/16 22:04,8/21/16 8:33,56%,10:28,,Drank coffee,
8/21/16 22:08,8/22/16 6:20,52%,8:11,,Drank coffee:Drank tea,
8/22/16 22:13,8/23/16 6:22,35%,8:09,,Drank coffee:Worked out,
8/23/16 23:08,8/24/16 6:38,51%,7:30,,Drank coffee:Worked out,
8/24/16 21:51,8/25/16 6:10,54%,8:19,,Drank coffee:Worked out,
8/25/16 22:06,8/26/16 6:19,55%,8:13,,Drank coffee:Worked out,
8/26/16 23:49,8/27/16 7:26,46%,7:37,,Drank coffee:Worked out,
8/27/16 23:52,8/28/16 8:25,48%,8:33,,Drank coffee,
8/28/16 22:52,8/29/16 6:40,36%,7:48,,Drank coffee,
8/29/16 22:10,8/30/16 6:20,40%,8:09,,Drank coffee:Worked out,
8/30/16 22:21,8/31/16 6:20,49%,7:59,,Drank coffee:Worked out,
8/31/16 22:33,9/1/16 6:20,49%,7:47,,Drank coffee:Worked out,
9/1/16 23:08,9/2/16 5:58,54%,6:50,,Drank coffee:Worked out,
9/2/16 22:38,9/3/16 7:47,67%,9:09,,Drank coffee,
9/4/16 23:28,9/5/16 8:00,61%,8:32,,Drank coffee,
9/5/16 21:00,9/6/16 6:20,41%,9:20,,Drank tea:Worked out,
9/6/16 22:11,9/7/16 6:22,70%,8:10,,Drank tea:Worked out,
9/7/16 22:31,9/8/16 6:21,69%,7:50,,Drank tea:Worked out,
9/8/16 22:28,9/9/16 6:10,61%,7:41,,Drank tea:Worked out,
9/10/16 0:45,9/10/16 7:06,58%,6:21,,Drank coffee:Worked out,
9/10/16 22:44,9/11/16 6:01,33%,7:17,,Drank tea,
9/11/16 23:05,9/12/16 6:20,60%,7:14,,Drank coffee,
9/12/16 22:46,9/13/16 6:20,67%,7:34,,Drank tea:Worked out,
9/13/16 21:55,9/14/16 6:07,59%,8:12,,Drank tea:Worked out,
9/14/16 22:26,9/15/16 6:20,65%,7:53,,Drank tea:Worked out,
9/17/16 22:26,9/18/16 8:22,70%,9:56,,Drank coffee,
9/18/16 22:28,9/19/16 6:24,57%,7:55,,Drank coffee:Worked out,
9/19/16 22:14,9/20/16 6:22,60%,8:07,,Drank tea:Worked out,
9/20/16 22:39,9/21/16 6:15,57%,7:36,,Drank tea:Worked out,
9/21/16 22:11,9/22/16 6:11,60%,7:59,,Drank tea,
9/22/16 22:26,9/23/16 6:55,70%,8:29,,Drank tea:Worked out,
9/25/16 22:53,9/26/16 6:24,58%,7:31,,Drank coffee:Drank tea:Worked out,
9/26/16 22:17,9/27/16 6:20,55%,8:03,,Drank tea:Stressful day:Worked out,
9/27/16 22:22,9/28/16 6:06,55%,7:44,,Drank tea:Worked out,
9/28/16 23:10,9/29/16 6:20,60%,7:09,,Drank coffee:Drank tea:Worked out,
9/29/16 22:50,9/30/16 6:20,53%,7:29,,Drank coffee:Worked out,
10/1/16 0:06,10/1/16 8:27,67%,8:20,,Drank coffee:Drank tea:Worked out,
10/1/16 23:23,10/2/16 7:50,55%,8:26,,Drank coffee,
10/2/16 23:29,10/3/16 6:25,54%,6:56,,Drank coffee:Drank tea,
10/3/16 22:24,10/4/16 6:03,62%,7:38,,Drank coffee:Drank tea:Worked out,
10/4/16 21:53,10/5/16 6:21,66%,8:28,,Drank tea:Worked out,
10/5/16 22:33,10/6/16 6:21,54%,7:48,,Drank tea:Worked out,
10/7/16 0:07,10/7/16 6:40,52%,6:33,,Drank tea:Worked out,
10/7/16 23:18,10/8/16 7:20,71%,8:02,,Drank coffee:Drank tea:Worked out,
10/10/16 22:38,10/11/16 6:28,59%,7:49,,Drank coffee:Drank tea:Worked out,
10/11/16 22:28,10/12/16 6:14,56%,7:45,,Drank tea:Worked out,
10/12/16 22:48,10/13/16 6:05,65%,7:16,,Drank coffee:Worked out,
10/13/16 22:26,10/14/16 6:30,61%,8:04,,Drank coffee:Worked out,
10/15/16 23:00,10/16/16 7:31,71%,8:30,,Drank coffee,
10/16/16 22:52,10/17/16 6:20,50%,7:27,,Drank coffee:Drank tea,
10/17/16 22:53,10/18/16 6:27,63%,7:34,,Drank coffee:Drank tea:Worked out,
10/18/16 22:34,10/19/16 6:10,67%,7:35,,Drank coffee:Stressful day:Worked out,
10/19/16 22:13,10/20/16 5:49,64%,7:35,,Drank coffee:Worked out,
10/20/16 22:14,10/21/16 6:33,67%,8:19,,Drank coffee:Drank tea:Worked out,
10/22/16 1:38,10/22/16 7:18,54%,5:39,,Drank coffee:Drank tea,
10/23/16 0:07,10/23/16 8:47,81%,8:40,,Drank coffee,
10/23/16 22:21,10/24/16 6:23,66%,8:01,,Drank coffee:Drank tea,
10/24/16 23:04,10/25/16 6:25,65%,7:21,,Drank coffee:Drank tea:Worked out,
10/25/16 22:48,10/26/16 6:35,69%,7:46,,Drank tea:Worked out,
10/26/16 22:55,10/27/16 6:26,72%,7:30,,Drank coffee:Drank tea:Worked out,
10/27/16 23:03,10/28/16 6:35,63%,7:32,,Drank coffee:Drank tea:Worked out,
10/29/16 0:16,10/29/16 7:51,66%,7:34,,Drank coffee:Drank tea,
10/30/16 22:46,10/31/16 6:10,68%,7:23,,Drank coffee:Worked out,
11/1/16 22:19,11/2/16 5:57,68%,7:37,,Drank tea:Stressful day:Worked out,
11/2/16 22:52,11/3/16 6:30,72%,7:38,,Drank coffee:Drank tea:Stressful day,
11/4/16 0:13,11/4/16 6:15,52%,6:01,,Drank coffee:Drank tea:Stressful day,
11/4/16 22:49,11/5/16 7:58,80%,9:08,,Drank coffee:Stressful day,
11/6/16 21:58,11/7/16 5:47,65%,7:49,,Drank coffee,
11/7/16 22:16,11/8/16 5:51,70%,7:35,,Drank tea:Worked out,
11/8/16 22:51,11/9/16 5:48,62%,6:56,,Drank coffee:Drank tea:Worked out,
11/9/16 22:37,11/10/16 5:55,65%,7:17,,Drank coffee:Drank tea:Worked out,
11/10/16 23:58,11/11/16 7:19,56%,7:20,,Drank coffee:Drank tea:Worked out,
11/11/16 23:25,11/12/16 7:16,74%,7:51,,Drank coffee:Drank tea,
11/15/16 22:14,11/16/16 7:35,72%,9:20,,Drank tea,
11/16/16 23:10,11/17/16 7:07,70%,7:56,,Drank coffee,
11/17/16 23:15,11/18/16 6:59,73%,7:44,,Drank tea,
11/18/16 23:37,11/19/16 7:13,70%,7:36,,Drank coffee:Drank tea,
11/19/16 23:47,11/20/16 7:53,81%,8:05,,Drank tea,
11/20/16 23:00,11/21/16 7:02,80%,8:01,,Drank coffee:Drank tea,
11/21/16 22:38,11/22/16 5:40,68%,7:01,,Drank coffee:Drank tea,
11/22/16 21:26,11/23/16 5:40,80%,8:13,,Drank tea:Worked out,
11/23/16 22:44,11/24/16 6:10,73%,7:25,,Drank coffee:Drank tea:Worked out,
11/24/16 22:00,11/25/16 6:39,88%,8:39,,Drank tea:Worked out,
11/25/16 23:09,11/26/16 7:40,89%,8:30,,Drank coffee:Drank tea,
11/27/16 22:01,11/28/16 6:18,75%,8:16,,Drank tea,
11/28/16 22:35,11/29/16 6:26,83%,7:50,,Drank tea:Worked out,
11/29/16 23:33,11/30/16 6:31,71%,6:57,,Drank tea,
11/30/16 21:12,12/1/16 5:13,89%,8:01,,Drank coffee:Drank tea,
12/1/16 5:14,12/1/16 6:38,17%,1:24,,,
12/1/16 21:40,12/2/16 5:11,71%,7:31,,Drank tea,
12/4/16 1:18,12/4/16 9:20,89%,8:02,,Drank coffee:Drank tea,
12/4/16 21:45,12/5/16 5:45,78%,8:00,,Drank tea,
12/5/16 21:44,12/6/16 5:40,79%,7:55,,Drank tea:Worked out,
12/6/16 22:13,12/7/16 5:46,72%,7:32,,Drank tea:Worked out,
12/7/16 22:46,12/8/16 6:19,82%,7:32,,Drank coffee:Drank tea:Worked out,
12/8/16 23:32,12/9/16 6:47,69%,7:15,,Drank coffee:Drank tea:Worked out,
12/9/16 22:48,12/10/16 8:11,79%,9:23,,Drank tea,
12/11/16 1:07,12/11/16 8:27,82%,7:19,,Drank coffee:Worked out,
12/11/16 22:14,12/12/16 6:16,85%,8:01,,Drank tea,
12/12/16 22:56,12/13/16 6:35,81%,7:38,,Drank coffee:Drank tea,
12/13/16 22:02,12/14/16 6:05,83%,8:02,,Drank coffee:Drank tea:Worked out,
12/14/16 21:57,12/15/16 6:18,74%,8:20,,Drank tea,
12/15/16 21:29,12/16/16 5:00,75%,7:31,,Drank tea,
12/18/16 22:35,12/19/16 5:47,78%,7:11,,Drank coffee:Drank tea,
12/19/16 21:49,12/20/16 6:35,96%,8:46,,Drank tea,
12/20/16 23:48,12/21/16 7:09,84%,7:20,,Drank tea,
12/21/16 23:56,12/22/16 7:30,86%,7:33,,Drank coffee:Drank tea,
12/22/16 23:07,12/23/16 7:07,74%,8:00,,Drank coffee:Drank tea:Stressful day,
12/27/16 23:17,12/28/16 7:22,69%,8:05,,Drank coffee:Drank tea,
12/30/16 23:25,12/31/16 8:26,92%,9:00,,Drank coffee:Drank tea,
1/2/17 22:35,1/3/17 5:10,73%,6:34,,Drank coffee:Drank tea,
1/3/17 5:11,1/3/17 6:30,17%,1:19,,,
1/3/17 21:47,1/4/17 5:57,87%,8:09,,Drank tea,
1/4/17 22:40,1/5/17 6:10,87%,7:29,,Drank coffee:Drank tea:Worked out,
1/5/17 22:39,1/6/17 6:42,93%,8:02,,Drank tea:Worked out,
1/6/17 23:14,1/7/17 8:43,90%,9:29,,Drank coffee:Drank tea,
1/8/17 0:34,1/8/17 7:56,79%,7:22,,Drank tea,
1/8/17 22:07,1/9/17 6:23,84%,8:16,,Drank tea,
1/9/17 22:42,1/10/17 6:40,65%,7:57,,Drank coffee:Drank tea,
1/10/17 22:20,1/11/17 6:14,84%,7:54,,Drank coffee:Drank tea,
1/11/17 22:14,1/12/17 5:22,73%,7:07,,Drank coffee:Drank tea,
1/12/17 22:13,1/13/17 5:31,64%,7:17,,Ate late:Drank coffee:Drank tea,
1/13/17 23:27,1/14/17 7:22,89%,7:54,,Drank tea:Worked out,
1/15/17 23:25,1/16/17 6:58,74%,7:32,,Drank coffee:Drank tea:Worked out,
1/16/17 21:58,1/17/17 5:11,71%,7:12,,Drank tea,
1/17/17 5:12,1/17/17 7:20,24%,2:08,,,
1/17/17 22:23,1/18/17 5:01,57%,6:37,,Drank tea,
1/18/17 22:22,1/19/17 6:31,76%,8:09,,Drank tea,
1/19/17 22:14,1/20/17 6:30,92%,8:15,,Drank coffee:Drank tea,
1/20/17 23:07,1/21/17 7:45,78%,8:38,,Drank tea,
1/21/17 23:12,1/22/17 7:42,96%,8:29,,Drank tea,
1/22/17 22:03,1/23/17 6:25,64%,8:22,,Drank tea,
1/23/17 22:34,1/24/17 6:09,89%,7:35,,Drank coffee:Drank tea,
1/24/17 22:55,1/25/17 6:13,84%,7:17,,Drank coffee:Drank tea,
1/25/17 20:54,1/26/17 5:09,85%,8:15,,Drank tea:Worked out,
1/26/17 22:12,1/27/17 4:58,54%,6:45,,Drank coffee:Drank tea:Worked out,
1/27/17 4:58,1/27/17 6:40,21%,1:42,,,
1/27/17 23:22,1/28/17 7:25,91%,8:02,,Drank coffee:Drank tea,
1/30/17 23:27,1/31/17 6:01,63%,6:34,,Drank coffee,
1/31/17 22:44,2/1/17 6:20,78%,7:36,,Drank coffee:Drank tea:Worked out,
2/1/17 22:41,2/2/17 6:10,74%,7:29,,Drank coffee:Drank tea:Worked out,
2/2/17 22:19,2/3/17 6:31,85%,8:11,,Drank coffee:Drank tea,
2/3/17 23:58,2/4/17 7:08,80%,7:09,,Drank coffee:Drank tea,
2/4/17 23:45,2/5/17 7:20,68%,7:35,,Drank coffee:Drank tea,
2/5/17 22:53,2/6/17 6:30,75%,7:36,,Drank coffee:Drank tea,
2/6/17 22:30,2/7/17 6:20,71%,7:50,,Ate late:Drank coffee:Drank tea:Worked out,
2/7/17 23:34,2/8/17 6:30,71%,6:55,,Drank coffee:Drank tea,
2/8/17 23:46,2/9/17 6:27,68%,6:40,,Drank coffee:Drank tea,
2/9/17 22:31,2/10/17 5:00,62%,6:28,,Drank coffee:Drank tea:Stressful day:Worked out,
2/10/17 5:00,2/10/17 6:36,21%,1:36,,,
2/10/17 22:37,2/11/17 7:07,100%,8:30,,Drank tea,
2/12/17 21:49,2/13/17 7:06,63%,9:16,,Drank coffee:Drank tea,
2/13/17 21:51,2/14/17 5:02,74%,7:10,,Drank coffee:Drank tea,
2/14/17 5:02,2/14/17 6:36,12%,1:33,,,
2/14/17 23:17,2/15/17 6:13,59%,6:55,,Drank coffee:Drank tea,
2/15/17 22:36,2/16/17 6:25,44%,7:48,,Drank coffee:Drank tea,
2/16/17 22:33,2/17/17 6:31,83%,7:58,,Drank coffee:Drank tea,
2/17/17 23:49,2/18/17 8:09,93%,8:20,,Drank coffee:Drank tea,
2/19/17 0:28,2/19/17 8:16,79%,7:48,,Drank tea,
2/19/17 22:12,2/20/17 6:16,66%,8:04,,Drank coffee:Drank tea,
2/20/17 22:43,2/21/17 6:27,76%,7:43,,Drank tea,
2/21/17 23:14,2/22/17 6:26,72%,7:11,,Drank coffee:Drank tea,
2/22/17 21:30,2/23/17 5:02,83%,7:31,,Drank tea,
2/23/17 22:15,2/24/17 5:34,81%,7:19,,Drank coffee:Drank tea,
2/24/17 5:34,2/24/17 6:30,12%,0:55,,,
2/25/17 2:46,2/25/17 9:52,80%,7:06,,Ate late:Drank coffee:Drank tea:Worked out,
2/26/17 0:40,2/26/17 7:47,77%,7:07,,Drank tea,
2/27/17 22:16,2/28/17 5:50,81%,7:34,,Drank coffee,
2/28/17 21:39,3/1/17 5:40,87%,8:01,,Drank coffee:Drank tea:Worked out,
3/1/17 5:43,3/1/17 6:40,12%,0:57,,,
3/1/17 22:23,3/2/17 6:30,85%,8:07,,Drank coffee:Drank tea,
3/2/17 22:22,3/3/17 6:18,81%,7:55,,Drank coffee:Drank tea:Worked out,
3/5/17 0:12,3/5/17 8:28,96%,8:16,,Drank coffee:Drank tea,
3/5/17 22:01,3/6/17 6:08,93%,8:07,,Drank coffee:Drank tea,
3/6/17 22:01,3/7/17 6:22,97%,8:21,,Drank coffee:Drank tea,
3/7/17 22:13,3/8/17 6:15,90%,8:01,,Drank coffee:Drank tea:Worked out,
3/8/17 21:13,3/9/17 6:18,85%,9:05,,Drank coffee:Drank tea,
3/9/17 21:48,3/10/17 5:01,71%,7:13,,Drank coffee:Drank tea:Worked out,
3/10/17 22:42,3/11/17 6:57,86%,8:14,,Drank coffee:Drank tea,
3/12/17 22:39,3/13/17 6:33,80%,7:53,,Drank coffee:Drank tea,
3/13/17 21:20,3/14/17 5:02,81%,7:42,,Drank tea:Worked out,
3/14/17 21:06,3/15/17 5:23,89%,8:17,,Drank tea:Worked out,
3/15/17 22:33,3/16/17 6:17,71%,7:44,,Drank coffee:Drank tea:Worked out,
3/16/17 22:33,3/17/17 6:37,95%,8:04,,Drank coffee:Drank tea:Worked out,
3/17/17 22:55,3/18/17 8:02,99%,9:07,,Drank coffee:Drank tea,
3/18/17 22:26,3/19/17 7:21,89%,8:54,,Drank tea,
3/20/17 0:02,3/20/17 7:20,79%,7:18,,Drank coffee:Drank tea,
3/20/17 23:35,3/21/17 7:16,88%,7:41,,Drank coffee:Drank tea,
3/21/17 23:20,3/22/17 6:21,79%,7:01,,Drank coffee:Drank tea,
3/22/17 22:02,3/23/17 5:15,72%,7:12,,Drank tea:Worked out,
3/23/17 22:20,3/24/17 5:41,76%,7:21,,Drank coffee:Drank tea:Worked out,
3/25/17 23:19,3/26/17 7:16,100%,7:56,,Drank coffee:Drank tea,
3/26/17 22:03,3/27/17 5:33,83%,7:29,,Drank coffee:Drank tea:Worked out,
3/27/17 21:19,3/28/17 5:42,78%,8:22,,Drank tea:Worked out,
3/28/17 22:29,3/29/17 5:41,78%,7:11,,Drank coffee:Drank tea:Worked out,
3/29/17 22:29,3/30/17 6:04,79%,7:34,,Drank coffee:Drank tea:Worked out,
3/30/17 22:42,3/31/17 7:33,93%,8:51,,Drank coffee:Drank tea:Worked out,
4/1/17 2:10,4/1/17 8:37,80%,6:27,,Drank coffee:Drank tea,
4/1/17 21:22,4/2/17 7:16,95%,9:54,,Drank tea,
4/2/17 22:01,4/3/17 6:20,90%,8:19,,Drank coffee:Drank tea:Worked out,
4/3/17 21:58,4/4/17 6:01,92%,8:03,,Drank tea,
4/4/17 22:01,4/5/17 6:11,81%,8:09,,Drank tea:Worked out,
4/5/17 23:45,4/6/17 6:20,73%,6:35,,Drank coffee:Drank tea:Worked out,
4/6/17 23:12,4/7/17 6:20,68%,7:07,,Drank coffee:Drank tea:Worked out,
4/8/17 0:00,4/8/17 7:30,75%,7:29,,Drank coffee:Drank tea:Worked out,
4/10/17 0:52,4/10/17 6:32,65%,5:40,,Drank coffee,
4/10/17 22:21,4/11/17 5:41,70%,7:19,,Drank tea:Worked out,
4/11/17 6:03,4/11/17 6:31,6%,0:27,,,
4/11/17 22:39,4/12/17 5:55,67%,7:16,,,
4/12/17 21:42,4/13/17 6:54,74%,9:11,,Drank tea,
4/13/17 23:52,4/14/17 8:05,83%,8:12,,Drank coffee:Drank tea,
4/14/17 21:45,4/15/17 7:52,88%,10:07,,Drank tea,
4/15/17 23:23,4/16/17 7:05,73%,7:42,,Drank tea,
4/17/17 0:06,4/17/17 7:51,83%,7:44,,Drank coffee:Drank tea,
4/17/17 22:12,4/18/17 5:54,66%,7:41,,Drank coffee:Drank tea,
4/18/17 22:43,4/19/17 6:20,59%,7:36,,Drank coffee:Drank tea:Worked out,
4/19/17 21:39,4/20/17 5:30,75%,7:51,,,
4/20/17 22:15,4/21/17 5:41,75%,7:26,,Drank coffee:Drank tea:Worked out,
4/21/17 22:36,4/22/17 7:46,83%,9:09,,Drank coffee:Drank tea:Worked out,
4/23/17 0:53,4/23/17 8:38,86%,7:44,,Drank coffee:Drank tea,
4/23/17 22:31,4/24/17 6:31,75%,7:59,,Drank coffee,
4/24/17 23:07,4/25/17 6:34,72%,7:27,,Drank coffee:Drank tea:Worked out,
4/25/17 22:20,4/26/17 6:20,85%,8:00,,Drank coffee:Drank tea:Worked out,
4/26/17 22:25,4/27/17 6:32,68%,8:06,,Drank coffee:Drank tea:Worked out,
4/27/17 22:48,4/28/17 6:40,64%,7:51,,Drank coffee:Drank tea:Worked out,
4/28/17 23:39,4/29/17 8:17,90%,8:37,,Drank coffee:Drank tea:Stressful day,
4/29/17 23:39,4/30/17 7:23,74%,7:43,,Drank coffee:Drank tea,
4/30/17 22:28,5/1/17 6:16,72%,7:47,,Drank coffee:Drank tea:Worked out,
5/1/17 22:00,5/2/17 6:17,74%,8:16,,Drank coffee:Drank tea:Worked out,
5/2/17 21:47,5/3/17 6:04,77%,8:16,,Drank coffee:Drank tea:Worked out,
5/3/17 22:59,5/4/17 6:20,59%,7:21,,Drank coffee:Drank tea:Worked out,
5/4/17 22:37,5/5/17 6:10,73%,7:32,,Drank coffee:Drank tea:Worked out,
5/6/17 0:25,5/6/17 7:45,83%,7:20,,Drank coffee:Drank tea:Worked out,
5/7/17 21:51,5/8/17 6:10,81%,8:18,,Drank coffee,
5/8/17 22:28,5/9/17 6:11,66%,7:43,,Drank coffee:Drank tea:Worked out,
5/9/17 23:33,5/10/17 6:03,64%,6:29,,Drank coffee:Drank tea:Worked out,
5/10/17 6:04,5/10/17 7:45,18%,1:40,,,
5/10/17 22:43,5/11/17 6:16,82%,7:32,,Drank coffee:Drank tea,
5/11/17 21:52,5/12/17 6:40,95%,8:47,,Drank coffee:Drank tea:Worked out,
5/13/17 0:42,5/13/17 7:41,73%,6:59,,Drank coffee:Drank tea:Worked out,
5/14/17 0:04,5/14/17 8:11,73%,8:06,,Drank tea,
5/14/17 21:57,5/15/17 6:20,77%,8:22,,Drank coffee:Drank tea,
5/15/17 22:55,5/16/17 6:30,75%,7:34,,Drank coffee:Drank tea:Worked out,
5/16/17 22:41,5/17/17 6:17,73%,7:36,,Drank tea,
5/17/17 22:44,5/18/17 6:40,90%,7:56,,Drank coffee:Drank tea:Worked out,
5/18/17 23:17,5/19/17 6:27,88%,7:10,,Drank coffee:Drank tea:Stressful day:Worked out,
5/20/17 1:04,5/20/17 8:56,73%,7:52,,Drank coffee:Drank tea:Worked out,
5/22/17 22:29,5/23/17 7:35,90%,9:06,,Drank tea:Worked out,
5/24/17 0:14,5/24/17 7:46,70%,7:32,,Drank coffee:Worked out,
5/24/17 22:09,5/25/17 6:37,82%,8:28,,Drank tea:Worked out,
5/25/17 22:19,5/26/17 6:24,73%,8:04,,Drank tea:Worked out,
5/28/17 0:18,5/28/17 8:01,81%,7:43,,Drank coffee:Worked out,
5/28/17 22:37,5/29/17 6:18,75%,7:41,,Drank coffee,
5/29/17 22:28,5/30/17 6:11,88%,7:42,,Drank coffee:Stressful day:Worked out,
5/30/17 21:59,5/31/17 6:20,75%,8:21,,Ate late:Drank coffee:Worked out,
5/31/17 22:26,6/1/17 5:45,86%,7:19,,Drank coffee:Drank tea:Worked out,
6/1/17 22:59,6/2/17 6:40,80%,7:41,,Drank coffee:Drank tea:Worked out,
6/2/17 22:05,6/3/17 6:11,69%,8:05,,Drank coffee:Drank tea,
6/3/17 21:56,6/4/17 7:13,72%,9:16,,Drank coffee:Worked out,
6/4/17 23:14,6/5/17 6:21,67%,7:06,,Drank coffee,
6/5/17 22:30,6/6/17 6:17,74%,7:47,,Drank coffee:Worked out,
6/6/17 21:38,6/7/17 5:53,76%,8:14,,Drank coffee:Drank tea:Stressful day:Worked out,
6/7/17 22:54,6/8/17 6:34,41%,7:40,,Drank coffee:Drank tea:Worked out,
6/8/17 21:47,6/9/17 6:17,70%,8:30,,Drank tea,
6/10/17 0:07,6/10/17 7:55,67%,7:47,,,
6/11/17 22:18,6/12/17 6:10,78%,7:52,,,
6/12/17 21:44,6/13/17 6:17,93%,8:32,,,
6/13/17 22:18,6/14/17 6:12,74%,7:54,,,
6/14/17 22:34,6/15/17 6:13,68%,7:38,,,
6/15/17 22:19,6/16/17 6:07,76%,7:48,,,
6/18/17 5:01,6/18/17 7:34,31%,2:33,,,
6/18/17 7:35,6/18/17 8:09,7%,0:34,,,
6/18/17 22:22,6/19/17 6:02,66%,7:39,,,
6/19/17 22:57,6/20/17 6:24,70%,7:26,,,
6/20/17 22:31,6/21/17 6:15,77%,7:43,,,
6/21/17 6:16,6/21/17 7:03,10%,0:47,,,
6/21/17 22:32,6/22/17 6:10,72%,7:37,,,
6/22/17 23:37,6/23/17 6:38,59%,7:00,,,
6/23/17 23:26,6/24/17 7:11,74%,7:44,,,
6/25/17 22:08,6/26/17 6:18,83%,8:10,,,
6/26/17 21:24,6/27/17 6:15,90%,8:51,,,
6/27/17 21:52,6/28/17 6:33,86%,8:41,,,
6/28/17 21:53,6/29/17 6:21,69%,8:28,,,
6/29/17 22:32,6/30/17 6:33,77%,8:00,,,
7/3/17 0:31,7/3/17 7:44,81%,7:12,,,
7/3/17 22:37,7/4/17 6:18,73%,7:41,,,
7/4/17 22:07,7/5/17 5:55,74%,7:48,,,
7/5/17 21:48,7/6/17 5:43,66%,7:55,,,
7/6/17 22:33,7/7/17 6:31,73%,7:57,,,
7/9/17 22:36,7/10/17 5:59,70%,7:22,,,
7/10/17 22:25,7/11/17 6:01,74%,7:35,,,
7/11/17 21:39,7/12/17 6:06,65%,8:26,,,
7/12/17 23:12,7/13/17 6:25,67%,7:13,,,
7/13/17 22:30,7/14/17 6:45,81%,8:14,,,
7/15/17 1:10,7/15/17 7:54,78%,6:43,,,
7/16/17 2:12,7/16/17 7:53,69%,5:40,,,
7/16/17 22:08,7/17/17 6:25,70%,8:17,,,
7/17/17 22:51,7/18/17 6:17,71%,7:26,,,
7/18/17 22:00,7/19/17 6:39,84%,8:39,,,
7/19/17 21:45,7/20/17 5:55,87%,8:09,,,
7/22/17 1:06,7/22/17 7:54,68%,6:48,,,
7/22/17 23:13,7/23/17 7:10,78%,7:57,,,
7/23/17 21:57,7/24/17 5:49,84%,7:51,,,
7/25/17 5:34,7/25/17 5:55,5%,0:21,,,
7/25/17 22:04,7/26/17 5:48,87%,7:43,,,
7/26/17 22:29,7/27/17 6:05,74%,7:35,,,
7/27/17 21:53,7/28/17 5:50,51%,7:57,,,
7/28/17 23:29,7/29/17 6:22,38%,6:53,,,
7/29/17 22:00,7/30/17 6:50,72%,8:49,,,
7/30/17 23:20,7/31/17 6:33,89%,7:12,,,
7/31/17 22:39,8/1/17 6:19,82%,7:39,,,
8/1/17 23:15,8/2/17 6:10,77%,6:54,,,
8/2/17 22:32,8/3/17 6:06,81%,7:33,,,
8/3/17 23:14,8/4/17 6:32,80%,7:18,,,
8/4/17 22:59,8/5/17 7:31,76%,8:31,,,
8/5/17 23:37,8/6/17 7:38,81%,8:00,,,
8/6/17 23:03,8/7/17 8:12,99%,9:08,,,
8/7/17 23:14,8/8/17 7:41,73%,8:26,,,
8/8/17 22:34,8/9/17 6:05,81%,7:31,,,
8/9/17 23:22,8/10/17 5:53,59%,6:30,,,
8/12/17 22:58,8/13/17 6:40,79%,7:42,,,
8/13/17 22:46,8/14/17 5:51,58%,7:04,,,
8/14/17 22:32,8/15/17 5:51,67%,7:18,,,
8/15/17 21:56,8/16/17 6:30,83%,8:34,,,
8/16/17 22:01,8/17/17 5:29,81%,7:27,,,
8/17/17 20:36,8/18/17 4:53,35%,8:16,,,
8/25/17 23:37,8/26/17 6:38,30%,7:00,,,
8/27/17 22:15,8/28/17 7:00,94%,8:44,,,
8/28/17 22:03,8/29/17 7:20,82%,9:17,,,
8/30/17 23:01,8/31/17 6:38,74%,7:37,,,
8/31/17 23:01,9/1/17 7:16,81%,8:15,,,
9/1/17 22:33,9/2/17 7:38,89%,9:04,,,
9/3/17 0:46,9/3/17 8:08,81%,7:21,,,
9/3/17 23:07,9/4/17 7:22,84%,8:14,,,
9/4/17 22:49,9/5/17 6:07,59%,7:17,,,
9/5/17 22:38,9/6/17 6:08,81%,7:30,,,
9/6/17 22:02,9/7/17 6:02,79%,7:59,,,
9/7/17 22:26,9/8/17 6:05,77%,7:39,,,
9/9/17 21:24,9/10/17 6:13,74%,8:48,,,
9/11/17 22:39,9/12/17 6:06,56%,7:27,,,
9/12/17 22:03,9/13/17 6:08,86%,8:04,,,
9/13/17 23:43,9/14/17 6:32,55%,6:48,,,
9/14/17 22:06,9/15/17 6:05,79%,7:59,,,
9/16/17 0:18,9/16/17 8:51,91%,8:33,,,
9/17/17 22:50,9/18/17 6:32,71%,7:41,,,
9/18/17 22:19,9/19/17 6:04,69%,7:44,,,
9/19/17 22:16,9/20/17 6:04,76%,7:47,,,
9/20/17 22:04,9/21/17 6:06,65%,8:02,,,
9/21/17 22:23,9/22/17 6:07,72%,7:44,,,
9/24/17 21:44,9/25/17 5:57,80%,8:13,,,
9/25/17 22:17,9/26/17 6:19,73%,8:01,,,
9/26/17 23:01,9/27/17 5:49,66%,6:47,,,
9/27/17 22:06,9/28/17 6:08,83%,8:02,,,
9/28/17 23:36,9/29/17 6:41,75%,7:04,,,
9/29/17 23:14,9/30/17 8:00,80%,8:46,,,
10/1/17 0:03,10/1/17 7:36,79%,7:33,,,
10/1/17 21:44,10/2/17 6:05,69%,8:21,,,
10/2/17 22:55,10/3/17 6:00,76%,7:05,,,
10/3/17 21:41,10/4/17 6:25,96%,8:44,,,
10/4/17 22:44,10/5/17 6:05,75%,7:20,,,
10/5/17 21:24,10/6/17 4:37,76%,7:13,,,
10/6/17 22:56,10/7/17 7:44,55%,8:47,,,
10/7/17 21:57,10/8/17 8:05,71%,10:07,,,
10/9/17 22:27,10/10/17 6:10,79%,7:42,,,
10/10/17 22:23,10/11/17 6:00,80%,7:36,,,
10/11/17 22:32,10/12/17 6:10,71%,7:38,,,
10/12/17 22:22,10/13/17 6:37,79%,8:14,,,
10/13/17 23:03,10/14/17 8:15,88%,9:11,,,
10/14/17 22:58,10/15/17 7:24,80%,8:25,,,
10/15/17 22:47,10/16/17 5:56,69%,7:09,,,
10/16/17 21:51,10/17/17 6:01,74%,8:09,,,
10/17/17 21:41,10/18/17 6:02,78%,8:21,,,
10/19/17 0:01,10/19/17 6:02,60%,6:00,,,
10/19/17 21:13,10/20/17 6:14,100%,9:00,,,
10/21/17 0:05,10/21/17 7:57,89%,7:51,,,
10/22/17 0:25,10/22/17 7:45,79%,7:20,,,
10/22/17 21:50,10/23/17 6:00,82%,8:10,,,
10/23/17 22:18,10/24/17 6:01,65%,7:42,,,
10/24/17 22:15,10/25/17 6:06,83%,7:51,,,
10/25/17 21:55,10/26/17 6:00,65%,8:05,,,
10/27/17 1:50,10/27/17 6:51,59%,5:01,,,
10/28/17 22:51,10/29/17 7:51,91%,9:00,,,
10/29/17 22:26,10/30/17 6:00,78%,7:34,,,
10/30/17 22:52,10/31/17 5:43,62%,6:51,,,
10/31/17 23:29,11/1/17 5:02,49%,5:33,,,
11/2/17 21:25,11/3/17 6:21,74%,8:56,,,
11/3/17 23:23,11/4/17 7:26,89%,8:02,,,
11/5/17 22:30,11/6/17 6:05,70%,7:35,,,
11/6/17 22:08,11/7/17 5:58,75%,7:49,,,
11/7/17 21:01,11/8/17 5:45,90%,8:43,,,
11/8/17 23:11,11/9/17 6:30,76%,7:18,,,
11/9/17 22:04,11/10/17 7:15,96%,9:11,,,
11/10/17 23:29,11/11/17 7:21,83%,7:51,,,
11/11/17 23:06,11/12/17 7:18,84%,8:11,,,
11/12/17 23:39,11/13/17 8:30,79%,8:50,,,
11/14/17 21:16,11/15/17 6:50,93%,9:34,,,
11/15/17 21:23,11/16/17 6:51,85%,9:27,,,
11/16/17 22:33,11/17/17 6:07,80%,7:34,,,
11/17/17 23:08,11/18/17 7:20,91%,8:11,,,
11/19/17 21:58,11/20/17 6:02,82%,8:04,,,
11/20/17 22:26,11/21/17 6:00,86%,7:33,,,
11/21/17 22:26,11/22/17 5:57,68%,7:31,,,
11/22/17 22:34,11/23/17 6:01,80%,7:26,,,
11/23/17 22:56,11/24/17 6:30,80%,7:33,,,
11/25/17 23:14,11/26/17 8:19,100%,9:05,,,
11/26/17 22:10,11/27/17 6:05,63%,7:55,,,
11/27/17 22:36,11/28/17 5:58,73%,7:22,,,
11/28/17 22:54,11/29/17 6:09,80%,7:14,,,
11/29/17 22:33,11/30/17 6:26,83%,7:52,,,
11/30/17 20:54,12/1/17 5:55,77%,9:01,,,
12/3/17 23:10,12/4/17 6:15,63%,7:05,,,
12/4/17 21:20,12/5/17 5:50,70%,8:29,,,
12/5/17 22:56,12/6/17 6:15,68%,7:19,,,
12/6/17 21:56,12/7/17 5:50,63%,7:53,,,
12/7/17 22:04,12/8/17 6:31,82%,8:27,,,
12/9/17 23:39,12/10/17 8:15,95%,8:35,,,
12/10/17 22:16,12/11/17 6:06,70%,7:49,,,
12/11/17 21:47,12/12/17 5:57,68%,8:09,,,
12/12/17 22:09,12/13/17 5:55,72%,7:45,,,
12/14/17 22:47,12/15/17 5:51,60%,7:04,,,
12/17/17 21:35,12/18/17 6:08,80%,8:33,,,
12/18/17 21:39,12/19/17 6:05,79%,8:26,,,
12/19/17 22:05,12/20/17 6:25,79%,8:20,,,
12/20/17 21:30,12/21/17 5:52,59%,8:22,,,
12/21/17 22:10,12/22/17 6:55,75%,8:44,,,
12/26/17 21:19,12/27/17 7:55,97%,10:35,,,
12/29/17 0:06,12/29/17 7:57,75%,7:50,,,
12/29/17 22:00,12/30/17 8:08,75%,10:08,,,
1/1/18 21:30,1/2/18 5:56,81%,8:25,,,
1/2/18 22:31,1/3/18 5:48,76%,7:17,,,
1/3/18 20:28,1/4/18 3:40,0%,0:00,,,
1/4/18 22:19,1/5/18 7:25,91%,9:05,,,
1/6/18 23:13,1/7/18 8:00,86%,8:46,,,
1/7/18 22:09,1/8/18 6:10,83%,8:01,,,
1/8/18 22:53,1/9/18 5:45,77%,6:51,,,
1/9/18 22:22,1/10/18 6:23,90%,8:01,,,
1/10/18 21:31,1/11/18 5:10,71%,7:38,,,
1/11/18 21:54,1/12/18 5:01,70%,7:06,,,
1/12/18 21:50,1/13/18 7:38,70%,9:48,,,
1/13/18 22:07,1/14/18 7:09,64%,9:02,,,
1/14/18 22:02,1/15/18 5:50,73%,7:48,,,
1/15/18 22:45,1/16/18 6:00,79%,7:15,,,
1/16/18 22:09,1/17/18 6:01,71%,7:51,,,
1/17/18 22:45,1/18/18 6:12,84%,7:27,,,
1/18/18 22:46,1/19/18 6:48,59%,8:02,,,
1/19/18 22:21,1/20/18 8:22,71%,10:01,,,
1/20/18 23:44,1/21/18 7:01,67%,7:17,,,
1/21/18 22:04,1/22/18 6:01,84%,7:56,,,
1/22/18 23:15,1/23/18 6:00,66%,6:44,,,
1/23/18 21:41,1/24/18 6:00,73%,8:18,,,
1/24/18 20:58,1/25/18 6:02,84%,9:03,,,
1/25/18 23:17,1/26/18 6:00,72%,6:43,,,
1/26/18 22:13,1/27/18 7:20,92%,9:07,,,
1/28/18 1:21,1/28/18 8:49,81%,7:27,,,
1/28/18 21:30,1/29/18 5:00,69%,7:29,,,
1/29/18 21:37,1/30/18 6:01,79%,8:23,,,
1/30/18 22:18,1/31/18 6:03,77%,7:44,,,
1/31/18 22:29,2/1/18 6:02,72%,7:32,,,
2/1/18 21:25,2/2/18 6:45,80%,9:20,,,
2/3/18 2:20,2/3/18 7:44,65%,5:23,,,
2/3/18 8:32,2/3/18 9:08,8%,0:36,,,
2/3/18 22:29,2/4/18 7:37,96%,9:08,,,
2/4/18 23:09,2/5/18 6:01,72%,6:52,,,
2/5/18 22:02,2/6/18 6:00,78%,7:58,,,
2/6/18 21:44,2/7/18 6:12,82%,8:28,,,
2/7/18 23:18,2/8/18 6:48,73%,7:29,,,
2/8/18 22:41,2/9/18 6:00,93%,7:18,,,
2/9/18 23:07,2/10/18 7:26,76%,8:18,,,
2/11/18 22:44,2/12/18 7:08,91%,8:24,,,
2/12/18 21:54,2/13/18 7:02,91%,9:08,,,
2/13/18 23:49,2/14/18 7:00,81%,7:11,,,
2/14/18 21:24,2/15/18 6:20,71%,8:56,,,
2/15/18 21:36,2/16/18 6:50,80%,9:13,,,
2/16/18 22:52,2/17/18 7:48,91%,8:55,,,